{
  "architecture": {
    "model_name": "dnn",
    "input_dim": 12288,
    "hidden_dims": [256,64,16],
    "output_dim": 1,
    "activation": "relu",
    "bias": true
  },
  "dataset": {
    "name": "UTKFace",
    "root": "dataset/UTKFace",
    "image_size": 64,
    "train_fraction": 0.8,
    "split_seed": 12345,
    "max_samples": 20000,
    "num_workers": 4
  },
  "seeds": [1],
  "grid": {
    "optimizer": ["sgd"],
    "lr": [0.0000625, 0.000125, 0.00025, 0.0005, 0.001, 0.002, 0.004, 0.008, 0.0016, 0.0032, 0.0064, 0.0128],
    "inv_sigma_w": [0.03125, 0.0625, 0.125, 0.25, 0.5, 1.0, 2.0, 4.0, 8.0, 16.0, 32.0, 64.0],
    "grad_clip_norm": [10.0],
    "batch_size": [128],
    "epochs": [300],
    "momentum": [0.0],
    "weight_decay": [0.0],
    "eval_epochs": [[1, 2, 5, 10, 15, 20, 50, 70, 100, 130, 160, 200, 250, 300, 350, 400, 450, 500]]
  }
}